<TOOLS VERSION="1">
  <TOOL>
    <INITIALDIRECTORY>${ItemDir}</INITIALDIRECTORY>
    <ARGUMENTS>"${ItemPath}"</ARGUMENTS>
    <COMMAND>Notepad</COMMAND>
    <MENUCOMMAND>Notepad</MENUCOMMAND>
    <PROMPTFORARGUMENTS>False</PROMPTFORARGUMENTS>
  </TOOL>
  <TOOL>
    <INITIALDIRECTORY>${TargetDir}</INITIALDIRECTORY>
    <ARGUMENTS>"${TargetPath}"</ARGUMENTS>
    <COMMAND>${SdkToolPath:ILDasm.exe}</COMMAND>
    <MENUCOMMAND>IL Dasm</MENUCOMMAND>
    <PROMPTFORARGUMENTS>False</PROMPTFORARGUMENTS>
  </TOOL>
  <TOOL>
    <INITIALDIRECTORY>${TargetDir}</INITIALDIRECTORY>
    <ARGUMENTS></ARGUMENTS>
    <COMMAND>${SdkToolPath:FUSLOGVW.exe}</COMMAND>
    <MENUCOMMAND>Assembly Binding Log Viewer</MENUCOMMAND>
    <PROMPTFORARGUMENTS>False</PROMPTFORARGUMENTS>
  </TOOL>
</TOOLS>
