<CodeTemplates version="2.0">
  <CodeTemplateGroup extensions=".cs">
    <CodeTemplate template="classp" description="class declaration (public)">public class |
{
	${Selection}
}</CodeTemplate>
    <CodeTemplate template="for" description="for block">for (|; ; ) {
	${Selection}
}</CodeTemplate>
    <CodeTemplate template="if" description="if statement">if (|) {
	${Selection}
}</CodeTemplate>
    <CodeTemplate template="ife" description="if else">if (|) {
	${Selection}
} else {
	
}</CodeTemplate>
    <CodeTemplate template="switchd" description="switch statement (with default)">switch (|) {
	case:
		break;
	default:
		${Selection}
		break;
}</CodeTemplate>
    <CodeTemplate template="switch" description="switch statement">switch (|) {
	case :
		${Selection}
	break;
}</CodeTemplate>
    <CodeTemplate template="try" description="try / catch">try {
	${Selection}|
} catch (Exception) {
	
}</CodeTemplate>
    <CodeTemplate template="trycf" description="try / catch / finally">try {
	${Selection}|
} catch (Exception) {
	
} finally {
	
}</CodeTemplate>
    <CodeTemplate template="tryf" description="try / finally">try {
	${Selection}|
} finally {
	
}</CodeTemplate>
    <CodeTemplate template="while" description="while">while (|) {
	${Selection}
}</CodeTemplate>
    <CodeTemplate template="scwl" description="System.Console.WriteLine">System.Console.WriteLine(${Selection}|);</CodeTemplate>
    <CodeTemplate template="scw" description="System.Console.Write">System.Console.Write(${Selection}|);</CodeTemplate>
  </CodeTemplateGroup>
	<CodeTemplateGroup extensions=".vb">
    <CodeTemplate template="classp" description="class declaration (public)">Public Class |
	${Selection}
End Class</CodeTemplate>
    <CodeTemplate template="forb" description="for block">For i As Integer = 0 To |
	${Selection}
Next</CodeTemplate>
    <CodeTemplate template="ifb" description="if statement">If | Then
	${Selection}
End If</CodeTemplate>
    <CodeTemplate template="ife" description="if else">If | Then
	${Selection}
Else
	
End If</CodeTemplate>
    <CodeTemplate template="selectd" description="Select Case statement (with default)">Select Case |
	Case 
	
	Case Else
		${Selection}
End Select</CodeTemplate>
    <CodeTemplate template="selects" description="Select Case statement">Select Case |
	Case
		${Selection}
End Select</CodeTemplate>
    <CodeTemplate template="tryc" description="try / catch">Try
	${Selection}|
Catch ex As System.Exception
	
End Try</CodeTemplate>
    <CodeTemplate template="trycf" description="try / catch / finally">Try
	${Selection}|
Catch ex As System.Exception
	
Finally
	
End Try</CodeTemplate>
    <CodeTemplate template="tryf" description="try / finally">Try
	${Selection}|
Finally
	
End Try</CodeTemplate>
    <CodeTemplate template="whileb" description="while">While |
	${Selection}
End While</CodeTemplate>
    <CodeTemplate template="scwl" description="System.Console.WriteLine">System.Console.WriteLine(${Selection}|)</CodeTemplate>
    <CodeTemplate template="scw" description="System.Console.Write">System.Console.Write(${Selection}|)</CodeTemplate>
  </CodeTemplateGroup>
  <CodeTemplateGroup extensions=".html;.htm">
    <CodeTemplate template="boldb" description="bold block">&lt;b&gt;|${Selection}&lt;/b&gt;</CodeTemplate>
    <CodeTemplate template="commentb" description="comment block">&lt;!--|${Selection}--&gt;</CodeTemplate>
    <CodeTemplate template="heading1b" description="heading 1 block">&lt;h1&gt;|${Selection}&lt;/h1&gt;</CodeTemplate>
    <CodeTemplate template="heading2b" description="heading 2 block">&lt;h2&gt;|${Selection}&lt;/h2&gt;</CodeTemplate>
    <CodeTemplate template="heading3b" description="heading 3 block">&lt;h3&gt;|${Selection}&lt;/h3&gt;</CodeTemplate>
    <CodeTemplate template="heading4b" description="heading 4 block">&lt;h4&gt;|${Selection}&lt;/h4&gt;</CodeTemplate>
    <CodeTemplate template="italicb" description="italic block">&lt;i&gt;|${Selection}&lt;/i&gt;</CodeTemplate>
    <CodeTemplate template="parab" description="paragraph block">&lt;p&gt;|${Selection}&lt;/p&gt;</CodeTemplate>
  </CodeTemplateGroup>
</CodeTemplates>
