﻿<TextLibrary name="${res:SharpDevelop.SideBar.AsciiTable}">
	<Text display = "32	20	' '" value = " "/>
	<Text display = "33	21	'!'" value = "!"/>
	<Text display = "34	22	'&quot;'" value = "&quot;"/>
	<Text display = "35	23	'#'" value = "#"/>
	<Text display = "36	24	'$'" value = "$"/>
	<Text display = "37	25	'%'" value = "%"/>
	<Text display = "38	26	'&amp;'" value = "&amp;"/>
	<Text display = "39	27	'''" value = "'"/>
	<Text display = "40	28	'('" value = "("/>
	<Text display = "41	29	')'" value = ")"/>
	<Text display = "42	2A	'*'" value = "*"/>
	<Text display = "43	2B	'+'" value = "+"/>
	<Text display = "44	2C	','" value = ","/>
	<Text display = "45	2D	'-'" value = "-"/>
	<Text display = "46	2E	'.'" value = "."/>
	<Text display = "47	2F	'/'" value = "/"/>
	<Text display = "48	30	'0'" value = "0"/>
	<Text display = "49	31	'1'" value = "1"/>
	<Text display = "50	32	'2'" value = "2"/>
	<Text display = "51	33	'3'" value = "3"/>
	<Text display = "52	34	'4'" value = "4"/>
	<Text display = "53	35	'5'" value = "5"/>
	<Text display = "54	36	'6'" value = "6"/>
	<Text display = "55	37	'7'" value = "7"/>
	<Text display = "56	38	'8'" value = "8"/>
	<Text display = "57	39	'9'" value = "9"/>
	<Text display = "58	3A	':'" value = ":"/>
	<Text display = "59	3B	';'" value = ";"/>
	<Text display = "60	3C	'&lt;'" value = "&lt;"/>
	<Text display = "61	3D	'='" value = "="/>
	<Text display = "62	3E	'&gt;'" value = "&gt;"/>
	<Text display = "63	3F	'?'" value = "?"/>
	<Text display = "64	40	'@'" value = "@"/>
	<Text display = "65	41	'A'" value = "A"/>
	<Text display = "66	42	'B'" value = "B"/>
	<Text display = "67	43	'C'" value = "C"/>
	<Text display = "68	44	'D'" value = "D"/>
	<Text display = "69	45	'E'" value = "E"/>
	<Text display = "70	46	'F'" value = "F"/>
	<Text display = "71	47	'G'" value = "G"/>
	<Text display = "72	48	'H'" value = "H"/>
	<Text display = "73	49	'I'" value = "I"/>
	<Text display = "74	4A	'J'" value = "J"/>
	<Text display = "75	4B	'K'" value = "K"/>
	<Text display = "76	4C	'L'" value = "L"/>
	<Text display = "77	4D	'M'" value = "M"/>
	<Text display = "78	4E	'N'" value = "N"/>
	<Text display = "79	4F	'O'" value = "O"/>
	<Text display = "80	50	'P'" value = "P"/>
	<Text display = "81	51	'Q'" value = "Q"/>
	<Text display = "82	52	'R'" value = "R"/>
	<Text display = "83	53	'S'" value = "S"/>
	<Text display = "84	54	'T'" value = "T"/>
	<Text display = "85	55	'U'" value = "U"/>
	<Text display = "86	56	'V'" value = "V"/>
	<Text display = "87	57	'W'" value = "W"/>
	<Text display = "88	58	'X'" value = "X"/>
	<Text display = "89	59	'Y'" value = "Y"/>
	<Text display = "90	5A	'Z'" value = "Z"/>
	<Text display = "91	5B	'['" value = "["/>
	<Text display = "92	5C	'\'" value = "\"/>
	<Text display = "93	5D	']'" value = "]"/>
	<Text display = "94	5E	'^'" value = "^"/>
	<Text display = "95	5F	'_'" value = "_"/>
	<Text display = "96	60	'`'" value = "`"/>
	<Text display = "97	61	'a'" value = "a"/>
	<Text display = "98	62	'b'" value = "b"/>
	<Text display = "99	63	'c'" value = "c"/>
	<Text display = "100	64	'd'" value = "d"/>
	<Text display = "101	65	'e'" value = "e"/>
	<Text display = "102	66	'f'" value = "f"/>
	<Text display = "103	67	'g'" value = "g"/>
	<Text display = "104	68	'h'" value = "h"/>
	<Text display = "105	69	'i'" value = "i"/>
	<Text display = "106	6A	'j'" value = "j"/>
	<Text display = "107	6B	'k'" value = "k"/>
	<Text display = "108	6C	'l'" value = "l"/>
	<Text display = "109	6D	'm'" value = "m"/>
	<Text display = "110	6E	'n'" value = "n"/>
	<Text display = "111	6F	'o'" value = "o"/>
	<Text display = "112	70	'p'" value = "p"/>
	<Text display = "113	71	'q'" value = "q"/>
	<Text display = "114	72	'r'" value = "r"/>
	<Text display = "115	73	's'" value = "s"/>
	<Text display = "116	74	't'" value = "t"/>
	<Text display = "117	75	'u'" value = "u"/>
	<Text display = "118	76	'v'" value = "v"/>
	<Text display = "119	77	'w'" value = "w"/>
	<Text display = "120	78	'x'" value = "x"/>
	<Text display = "121	79	'y'" value = "y"/>
	<Text display = "122	7A	'z'" value = "z"/>
	<Text display = "123	7B	'{'" value = "{"/>
	<Text display = "124	7C	'|'" value = "|"/>
	<Text display = "125	7D	'}'" value = "}"/>
	<Text display = "126	7E	'~'" value = "~"/>
</TextLibrary>
